{
  "resources": [
    "sounds.ogg",
    "sounds.m4a",
    "sounds.mp3",
    "sounds.ac3"
  ],
  "spritemap": {
    "enemyfire": {
      "start": 0,
      "end": 0.991655328798186,
      "loop": false
    },
    "enemyfire2": {
      "start": 2,
      "end": 2.6289795918367345,
      "loop": false
    },
    "exp1": {
      "start": 4,
      "end": 5.617551020408163,
      "loop": false
    },
    "exp3": {
      "start": 7,
      "end": 9.273696145124717,
      "loop": false
    },
    "seeker": {
      "start": 11,
      "end": 14.369931972789116,
      "loop": false
    },
    "tankfire": {
      "start": 16,
      "end": 17.393696145124718,
      "loop": false
    }
  }
}
